time,healthies,parazites,mean_vir,mean_trans,mean_recov
66.317466,28,1,0.9040270241038018,0.9745104551106615,0.20517421845482287
