time,healthies,parazites,mean_vir,mean_trans,mean_recov
80.669351,38,1,0.8783203009137237,0.971248316151013,0.2067022407136584
