time,healthies,parazites,mean_vir,mean_trans,mean_recov
90.120247,8,1,0.9431220223708534,0.9787222955083497,0.2029712671204976
