time,healthies,parazites,mean_vir,mean_trans,mean_recov
60.439747,19,2,0.8514832922663128,0.9673499472389726,0.20837071398234658
