time,healthies,parazites,mean_vir,mean_trans,mean_recov
78.260054,22,2,0.9816130373479401,0.9821360343087531,0.20093222358387602
