time,healthies,parazites,mean_vir,mean_trans,mean_recov
73.366365,44,2,0.9386557225221647,0.9782820470181047,0.20321595469239445
