time,healthies,parazites,mean_vir,mean_trans,mean_recov
48.78606,45,1,0.7881688004822164,0.9556723500606285,0.21263941345190618
