time,healthies,parazites,mean_vir,mean_trans,mean_recov
81.673082,77,1,0.8349329996696849,0.9646609470865717,0.20943952183004683
