time,healthies,parazites,mean_vir,mean_trans,mean_recov
46.251259,30,2,0.7870418558206995,0.9445502668896072,0.21397174017715237
