time,healthies,parazites,mean_vir,mean_trans,mean_recov
78.022066,36,1,0.9648451540665594,0.9807288092557613,0.2018054880011101
