time,healthies,parazites,mean_vir,mean_trans,mean_recov
298.818027,215,123,0.1717613515968115,0.22576960839082716,0.34128886221771654
