time,healthies,parazites,mean_vir,mean_trans,mean_recov
266.249579,71,13,0.9586988595918845,0.979025108553489,0.20232627315618587
