time,healthies,parazites,mean_vir,mean_trans,mean_recov
78.918197,30,1,0.8179700093722089,0.9616528097629493,0.21056847244609866
