time,healthies,parazites,mean_vir,mean_trans,mean_recov
32.630383,38,1,0.8582972864193127,0.9683915589108346,0.20793968100723284
