time,healthies,parazites,mean_vir,mean_trans,mean_recov
63.828859,19,1,0.9623152568257776,0.9805061495864964,0.20193922191308689
