time,healthies,parazites,mean_vir,mean_trans,mean_recov
62.334873,24,1,0.4397354833872745,0.7366083032488863,0.250801007935168
