time,healthies,parazites,mean_vir,mean_trans,mean_recov
35.960065,25,1,0.999677780607978,0.9835273552308893,0.20001611486409698
