time,healthies,parazites,mean_vir,mean_trans,mean_recov
100.774116,61,1,0.9841171276884029,0.982336355942716,0.2008037305516177
