time,healthies,parazites,mean_vir,mean_trans,mean_recov
80.197321,2,1,0.6234123592423172,0.8982436919417217,0.22665207108544821
