time,healthies,parazites,mean_vir,mean_trans,mean_recov
128.195724,50,1,0.7362375644256018,0.9426968799278185,0.2165442935950144
