time,healthies,parazites,mean_vir,mean_trans,mean_recov
300.359584,1109,599,0.07382909941668397,0.07379103248369097,0.46803253626142644
