time,healthies,parazites,mean_vir,mean_trans,mean_recov
109.337081,48,1,0.7536630869320748,0.947457564850402,0.2151890980221355
