time,healthies,parazites,mean_vir,mean_trans,mean_recov
62.702359,29,1,0.7743920588199874,0.9525722737048349,0.21363694628987606
