time,healthies,parazites,mean_vir,mean_trans,mean_recov
36.186754,11,1,0.8946414643545194,0.9733688309358437,0.20572446316755355
