time,healthies,parazites,mean_vir,mean_trans,mean_recov
69.372856,28,1,0.6192694954340515,0.8960392436545281,0.22707501106102404
