time,healthies,parazites,mean_vir,mean_trans,mean_recov
90.525547,47,1,0.6488938890193994,0.9107710801008102,0.22414040499812252
