time,healthies,parazites,mean_vir,mean_trans,mean_recov
70.73042,22,2,0.9238369099896656,0.9767484588002162,0.2040404795253482
