time,healthies,parazites,mean_vir,mean_trans,mean_recov
54.27649,20,1,0.8333571319385439,0.9643926046918744,0.2095429473305864
