time,healthies,parazites,mean_vir,mean_trans,mean_recov
54.016171,71,2,0.9377064735141996,0.978056163378056,0.20329110899710007
