time,healthies,parazites,mean_vir,mean_trans,mean_recov
64.174601,21,1,0.8740092439736459,0.9706579086640043,0.20696507179670118
