time,healthies,parazites,mean_vir,mean_trans,mean_recov
47.405055,21,1,0.6935544687276257,0.928965214898715,0.2200769678893557
