time,healthies,parazites,mean_vir,mean_trans,mean_recov
72.208328,45,1,0.5900483195824855,0.8790160967842063,0.2301835802287426
