time,healthies,parazites,mean_vir,mean_trans,mean_recov
71.195049,24,1,0.9708829669857831,0.9812490382314384,0.20148843581496761
