time,secondary_infections
1.120602864197531,20
2.034152296296296,25
3.0238775308641976,27
4.024747851851852,29
5.030509432098765,33
6.0368221234567905,36
7.043254913580247,36
8.044272592592593,36
9.047001283950618,37
10.04653550617284,37
11.050802567901234,43
12.05218686419753,45
13.052464592592592,46
14.048996345679013,47
15.057096691358025,47
16.055993679012346,47
17.072301037037036,47
18.070427259259258,47
