time,secondary_infections
1.1069436049382717,13
2.0108776296296296,19
3.017187160493827,19
4.015555555555555,23
5.020963950617284,25
6.027729777777778,26
7.031475358024691,33
8.03188148148148,35
9.034992592592593,40
10.034428444444444,41
11.0320347654321,42
12.039712,42
13.03849837037037,43
14.04656,44
15.055016691358025,45
16.051661827160494,45
17.05325748148148,45
18.055848691358026,45
19.05525175308642,45
