time,secondary_infections
1.1317605925925927,14
2.020097975308642,14
3.0162417777777777,19
4.015392,24
5.017947654320988,27
6.02029037037037,30
7.0255016296296295,33
8.022605432098766,36
9.023957728395061,38
10.029039407407408,41
11.02917412345679,46
12.024819358024692,49
13.022780444444445,55
14.023886617283951,59
15.024567308641975,60
16.02997728395062,60
17.033883654320988,60
18.034193777777777,60
19.042656,60
20.0358427654321,60
