time,secondary_infections
1.100432987654321,13
2.003087802469136,17
3.001856790123457,17
4.005110518518519,18
5.011320493827161,19
6.012324345679012,19
7.015395555555555,19
