time,secondary_infections
0.850131,17
1.652754,20
2.685551,22
3.623208,25
4.549893,27
5.540314,29
6.503154,32
7.493367,34
8.484106,34
9.472128,34
10.460872,35
11.440627,35
12.468186,35
13.428472,35
