time,secondary_infections
0.77953,14
1.672661,18
2.593656,21
3.574125,23
4.56573,25
5.55446,25
6.491254,26
7.485456,27
8.473852,27
9.46203,28
10.487031,29
