time,secondary_infections
0.848995,17
1.728807,21
2.694091,23
3.703652,25
4.642383,26
5.607282,28
6.592623,32
7.601145,32
8.593871,32
9.571026,34
10.564395,35
11.539093,39
12.552603,40
13.550808,42
14.535643,44
15.549973,46
16.546665,47
17.550029,49
18.568558,50
19.553551,50
20.590548,52
21.5958,52
22.59949,53
23.584767,53
24.596762,53
25.585104,54
26.585672,54
