time,secondary_infections
0.77465,15
1.637168,24
2.660987,28
3.616007,32
4.602882,37
5.546969,42
6.5422,56
7.532957,70
8.53103,80
9.509158,90
10.518913,99
11.44495,114
